<?xml version="1.0" encoding="UTF-8"?><?xml-stylesheet type='text/xsl' href='_UpgradeReport_Files/UpgradeReport.xslt'?><UpgradeLog>
<Properties><Property Name="Solution" Value="NewControls">
</Property><Property Name="솔루션 파일" Value="D:\VS_Test\C++\MFC\Visual C++ 2008 Feature Pack\NewControls\NewControls.sln">
</Property><Property Name="Date" Value="2016년 3월 30일 수요일">
</Property><Property Name="Time" Value="오전 9:00:40">
</Property></Properties><Event ErrorLevel="0" Project="SDI" Source="E:\SDI\SDI\SDI.vcproj" Description="Converting project file 'E:\SDI\SDI\SDI.vcproj'.">
</Event><Event ErrorLevel="1" Project="SDI" Source="E:\SDI\SDI\SDI.vcproj" Description="VCWebServiceProxyGeneratorTool is no longer supported. The tool has been removed from your project settings.">
</Event><Event ErrorLevel="0" Project="SDI" Source="E:\SDI\SDI\SDI.vcproj" Description="Done converting to new project file 'E:\SDI\SDI\SDI.vcxproj'.">
</Event><Event ErrorLevel="3" Project="SDI" Source="E:\SDI\SDI\SDI.vcproj" Description="Converted">
</Event></UpgradeLog>